usuario_chave,primeira_interacao,ultima_interacao,total_interacoes,meses_ativos,conteudos_concluidos
00e8010d351ef979,2026-01-12 18:09:09,2026-05-18 17:39:04,4,3,0
0234ed6240de4c20,2026-03-29 01:31:26,2026-08-22 19:57:57,6,4,1
0918475ce1dd7eab,2026-01-11 14:49:34,2026-07-22 03:04:22,7,5,0
09e2c7dc6dd8d6df,2026-01-12 13:52:51,2026-08-03 07:41:09,13,7,0
0bfbdc3efccb4a8e,2026-01-25 13:12:07,2026-08-16 20:24:29,5,5,1
0d4d82147f5807dc,2026-01-23 04:53:14,2026-08-07 02:17:03,7,6,1
10a4e0be54afd0ab,2026-01-17 05:03:01,2026-08-11 16:16:32,8,6,4
12fe267b1f175511,2026-02-03 02:18:36,2026-08-25 12:02:12,9,5,1
1482d7664e29348d,2026-02-03 06:01:57,2026-07-03 06:11:08,5,4,1
16cafbdcfac763a2,2026-02-22 04:27:44,2026-08-22 07:24:28,3,2,0
