usuario_chave,conteudo_mestre_id,conteudo_id_origem,tipo_interacao,data_hora,data,ano_mes,tempo_consumido,percentual_conclusao,avaliacao_atribuida,eh_consumo,eh_conclusao,anterior_a_publicacao,id_execucao_silver
037395d61d7107a0,CM-000594,94,início,2026-06-22 17:59:49,2026-06-22,2026-06,13.0,5.30,,True,False,False,829411ee-a876-4648-a267-4476a495e6f8
037395d61d7107a0,CM-000400,138,curtida,2026-06-16 17:33:28,2026-06-16,2026-06,1280.0,77.80,5.0,False,False,False,829411ee-a876-4648-a267-4476a495e6f8
037395d61d7107a0,CM-000531,317,visualização,2026-01-23 17:34:09,2026-01-23,2026-01,44.0,43.20,,True,False,False,829411ee-a876-4648-a267-4476a495e6f8
037395d61d7107a0,CM-000993,318,curtida,2026-04-25 01:54:29,2026-04-25,2026-04,305.0,48.50,5.0,False,False,True,829411ee-a876-4648-a267-4476a495e6f8
037395d61d7107a0,CM-000339,366,conclusão,2026-05-20 04:30:55,2026-05-20,2026-05,369.0,100.00,4.0,True,True,False,829411ee-a876-4648-a267-4476a495e6f8
037395d61d7107a0,CM-000864,496,curtida,2026-01-05 05:55:38,2026-01-05,2026-01,38.0,93.90,5.0,False,False,True,829411ee-a876-4648-a267-4476a495e6f8
037395d61d7107a0,CM-000896,627,visualização,2026-01-31 11:15:24,2026-01-31,2026-01,18.0,30.20,,True,False,True,829411ee-a876-4648-a267-4476a495e6f8
037395d61d7107a0,CM-000922,669,compartilhamento,2026-06-12 01:32:58,2026-06-12,2026-06,25.0,47.40,,False,False,False,829411ee-a876-4648-a267-4476a495e6f8
037395d61d7107a0,CM-000496,679,conclusão,2026-08-17 22:14:24,2026-08-17,2026-08,20.0,100.00,5.0,True,True,False,829411ee-a876-4648-a267-4476a495e6f8
037395d61d7107a0,CM-000574,753,início,2026-08-11 05:42:20,2026-08-11,2026-08,1.0,12.50,,True,False,False,829411ee-a876-4648-a267-4476a495e6f8
