ano_mes,categoria,total_interacoes,usuarios_ativos,conteudos_consumidos,interacoes_consumo,conclusoes,taxa_conclusao,percentual_conclusao_medio,tempo_consumido_total,curtidas,compartilhamentos,avaliacoes,avaliacao_media,id_execucao,runtime
2026-01,Banco de Dados,14,14,14,12,4,0.3333,57.64,2335.0,1,1,5,4.40,c086ac8d-f5ad-4e03-b3b4-a7aec1e4cd58,direct
2026-01,Business Intelligence,14,13,14,12,3,0.2500,54.97,814.0,0,1,3,4.67,c086ac8d-f5ad-4e03-b3b4-a7aec1e4cd58,direct
2026-01,Ciência de Dados,15,15,15,14,5,0.3571,61.93,2730.0,0,0,6,4.17,c086ac8d-f5ad-4e03-b3b4-a7aec1e4cd58,direct
2026-01,DevOps & Cloud,15,14,15,8,2,0.2500,59.01,801.0,5,2,7,4.71,c086ac8d-f5ad-4e03-b3b4-a7aec1e4cd58,direct
2026-01,Engenharia de Dados,16,15,15,13,3,0.2308,51.21,5772.0,2,0,5,4.60,c086ac8d-f5ad-4e03-b3b4-a7aec1e4cd58,direct
2026-01,Inteligência Artificial,15,14,14,9,3,0.3333,61.86,1007.0,5,1,8,4.62,c086ac8d-f5ad-4e03-b3b4-a7aec1e4cd58,direct
2026-01,Programação & Software,15,14,14,9,1,0.1111,52.74,1331.0,4,2,5,5.00,c086ac8d-f5ad-4e03-b3b4-a7aec1e4cd58,direct
2026-01,Segurança & Governança,19,19,19,14,1,0.0714,56.35,3272.0,2,2,4,4.50,c086ac8d-f5ad-4e03-b3b4-a7aec1e4cd58,direct
2026-02,Banco de Dados,14,13,13,11,2,0.1818,48.57,1395.0,0,2,3,4.00,c086ac8d-f5ad-4e03-b3b4-a7aec1e4cd58,direct
2026-02,Business Intelligence,21,20,17,13,3,0.2308,58.54,3151.0,3,3,8,4.75,c086ac8d-f5ad-4e03-b3b4-a7aec1e4cd58,direct
