conteudo_mestre_id,titulo,tipo,categoria,nivel,faixa_duracao,autor,data_publicacao,total_interacoes,usuarios,conclusoes,taxa_conclusao,avaliacao_media,comentarios,nota_media_comentarios,recomendacoes,recomendacoes_convertidas,taxa_conversao
CM-000001,Curso Completo de Gestão de Metadados e Qualidade de Dados Mestres: Da Teoria à Prática,Curso,Segurança & Governança,Básico,longa,Dr. Marcelo Silveira Neves,2024-01-01,0,0,0,,,1,5.00,0,0,
CM-000002,Deep Dive Ep. 115: Casos de Sucesso em Tipagem Estática e Boas Práticas com Mypy,Podcast,Programação & Software,Avançado,média,Prof. Diego Henrique Barros,2024-01-03,2,2,0,0.0000,,2,4.50,0,0,
CM-000003,Papo de Dados Ep. 20: Desvendando Escalabilidade e Gestão de Custos em Cloud,Podcast,DevOps & Cloud,Avançado,média,Eng. Thiago Pinheiro Borges,2024-01-05,0,0,0,,,1,3.00,0,0,
CM-000004,Tech Talk Ep. 138: Melhores Práticas em Modelagem Relacional Avançada no PostgreSQL,Podcast,Banco de Dados,Básico,média,Eng. Vanessa Cristina Ramos,2024-01-05,3,3,0,0.0000,5.00,0,,0,0,
CM-000005,Arquitetura & Código Ep. 40: Inovações em Modelagem e Agregações Analíticas no SQL Lab,Podcast,Business Intelligence,Básico,média,Eng. Thiago Pinheiro Borges,2024-01-06,0,0,0,,,0,,0,0,
CM-000006,"Formação Prática em Métricas de Engajamento, Retenção e Conversão: Fundamentos e Aplicação",Curso,Business Intelligence,Básico,longa,Eng. Felipe Siqueira Castro,2024-01-06,3,3,0,0.0000,5.00,2,3.00,5,0,0.0000
CM-000007,Curso Completo de Interpretabilidade de Modelos com SHAP e LIME: Da Teoria à Prática,Curso,Ciência de Dados,Básico,longa,Profa. Beatriz Helena Nogueira,2024-01-06,1,1,1,1.0000,4.00,2,4.50,0,0,
CM-000008,Guia Rápido e Hands-on: Estruturas de Dados e Algoritmos Eficientes,Vídeo,Programação & Software,Avançado,média,Dr. André Luiz Carvalho,2024-01-06,1,1,0,0.0000,,0,,0,0,
CM-000009,Melhores Práticas e Arquitetura de Infraestrutura como Código com Terraform,Vídeo,DevOps & Cloud,Avançado,média,Dra. Camila Guimarães Rocha,2024-01-08,2,2,1,0.5000,,2,3.50,0,0,
CM-000010,Papo de Dados Ep. 85: Desvendando Pipelines de CI/CD para Engenharia de Dados,Podcast,DevOps & Cloud,Intermediário,curta,Profa. Larissa Duarte Toledo,2024-01-09,0,0,0,,,1,1.00,0,0,
